arm,score_key,k,original_proxy_mean,original_proxy_gain,fixed_vocal_proxy_mean,fixed_vocal_proxy_gain,counterfactual_gain_retention,fixed_vocal_beat_v2,fixed_vocal_beat_v5_madmom,fixed_vocal_beat_v5_beat_this,fixed_vocal_coverage
beat_v2,beat_v2,1,0.7665260366441659,0.0,0.7665260366441659,0.0,,0.7665260366441659,0.5760383503571691,0.5543008425758731,0.8106509086257849
beat_v2,beat_v2,2,0.8664563726039136,0.09993033595974776,0.6551212495040846,-0.11140478714008129,-1.1148245031914579,0.6551212495040846,0.5342044925118938,0.5069149891922096,0.781394177499215
beat_v2,beat_v2,4,0.8697530759006169,0.10322703925645105,0.6612417768110526,-0.10528425983311329,-1.0199290863273858,0.6612417768110526,0.5354457689561647,0.5098117499533914,0.7656760075355605
beat_v2,beat_v2,8,0.9161642411642412,0.14963820452007537,0.598342741426106,-0.16818329521805986,-1.123932860311061,0.598342741426106,0.4835786091160905,0.4826919586584554,0.7666761865305071
beat_v2,beat_v2,16,0.9540865384615385,0.1875605018173726,0.6075565006398652,-0.15896953600430064,-0.847564036478688,0.6075565006398652,0.4888649240274977,0.4897511919920827,0.7323192501143221
beat_v5_madmom,beat_v5_madmom,1,0.5760383503571691,0.0,0.5760383503571691,0.0,,0.7665260366441659,0.5760383503571691,0.5543008425758731,0.8106509086257849
beat_v5_madmom,beat_v5_madmom,2,0.5760383503571691,0.0,0.5760383503571691,0.0,,0.7665260366441659,0.5760383503571691,0.5543008425758731,0.8106509086257849
beat_v5_madmom,beat_v5_madmom,4,0.6007355927357446,0.024697242378575512,0.5654923242116052,-0.01054602614556388,-0.4270122948913681,0.6638690485919292,0.5654923242116052,0.508014067277988,0.7688403388463292
beat_v5_madmom,beat_v5_madmom,8,0.6298694178206763,0.05383106746350719,0.556869449133238,-0.019168901223931112,-0.3560936486523506,0.5733300977854472,0.556869449133238,0.46216098303728825,0.779612996299458
beat_v5_madmom,beat_v5_madmom,16,0.6753337291754349,0.09929537881826578,0.5585268080176622,-0.017511542339506914,-0.17635807978090512,0.41337179628302806,0.5585268080176622,0.4309245257813625,0.7644728376681142
beat_v5_beat_this,beat_v5_beat_this,1,0.5543008425758731,0.0,0.5543008425758731,0.0,,0.7665260366441659,0.5760383503571691,0.5543008425758731,0.8106509086257849
beat_v5_beat_this,beat_v5_beat_this,2,0.5543008425758731,0.0,0.5543008425758731,0.0,,0.7665260366441659,0.5760383503571691,0.5543008425758731,0.8106509086257849
beat_v5_beat_this,beat_v5_beat_this,4,0.5606957146639079,0.0063948720880347976,0.5462961789945892,-0.008004663581283933,-1.2517316173158732,0.6500189148865461,0.5422602920495885,0.5462961789945892,0.7672335572939039
beat_v5_beat_this,beat_v5_beat_this,8,0.6146026396555724,0.06030179707969929,0.5570148472235049,0.002714004647631829,0.04500702763542521,0.50925736497545,0.4746945302665379,0.5570148472235049,0.7813978609355741
beat_v5_beat_this,beat_v5_beat_this,16,0.6715459996563378,0.11724515708046468,0.5097087011842693,-0.044592141391603834,-0.3803324802661188,0.22116616477307324,0.39872290177700187,0.5097087011842693,0.7816828089571629
beat_v5_detector_ensemble,beat_v5_detector_ensemble,1,0.5687925144300705,0.0,0.5687925144300705,0.0,,0.7665260366441659,0.5760383503571691,0.5543008425758731,0.8106509086257849
beat_v5_detector_ensemble,beat_v5_detector_ensemble,2,0.5687925144300705,0.0,0.5687925144300705,0.0,,0.7665260366441659,0.5760383503571691,0.5543008425758731,0.8106509086257849
beat_v5_detector_ensemble,beat_v5_detector_ensemble,4,0.5766917592345285,0.007899244804458028,0.5463329052337329,-0.022459609196337604,-2.843260305550003,0.6638690485919292,0.5654923242116052,0.508014067277988,0.7688403388463292
beat_v5_detector_ensemble,beat_v5_detector_ensemble,8,0.5947121785275136,0.025919664097443063,0.525299960434588,-0.043492553995482464,-1.6779752172703866,0.5733300977854472,0.556869449133238,0.46216098303728825,0.779612996299458
beat_v5_detector_ensemble,beat_v5_detector_ensemble,16,0.6317976194498627,0.06300510501979217,0.5118855378722382,-0.05690697655783228,-0.903212153046261,0.41341872841853883,0.5371169828366865,0.46142264794334176,0.7702047331054088
beat_v2_v5_mean,beat_v2_v5_mean,1,0.6712821935006674,0.0,0.6712821935006674,0.0,,0.7665260366441659,0.5760383503571691,0.5543008425758731,0.8106509086257849
beat_v2_v5_mean,beat_v2_v5_mean,2,0.7165670681214953,0.045284874620827864,0.6269803291557472,-0.04430186434492023,-0.9782927459965735,0.7065101383929735,0.5474505199185209,0.5239070180039378,0.7939750970222832
beat_v2_v5_mean,beat_v2_v5_mean,4,0.7178729053519355,0.04659071185126806,0.5983437728836086,-0.0729384206170588,-1.5655141919681492,0.6612417768110526,0.5354457689561647,0.5098117499533914,0.7656760075355605
beat_v2_v5_mean,beat_v2_v5_mean,8,0.7280503034070802,0.05676810990641279,0.5382484418294116,-0.13303375167125586,-2.3434592395373683,0.5952458945792591,0.481250989079564,0.48082129528589657,0.75601867207964
beat_v2_v5_mean,beat_v2_v5_mean,16,0.7636093227150679,0.09232712921440045,0.3964848951870572,-0.2747972983136102,-2.9763440134208086,0.3370283254184183,0.45594146495569615,0.4447785692421406,0.7524502600000614
beat_v2_coverage_raw,beat_v2_coverage_raw,1,0.7885884726349754,0.0,0.7885884726349754,0.0,,0.7665260366441659,0.5760383503571691,0.5543008425758731,0.8106509086257849
beat_v2_coverage_raw,beat_v2_coverage_raw,2,0.827216650564014,0.03862817792903861,0.7502426177076282,-0.03834585492734721,-0.9926912679596217,0.7065101383929735,0.5474505199185209,0.5239070180039378,0.7939750970222832
beat_v2_coverage_raw,beat_v2_coverage_raw,4,0.8307140399380898,0.04212556730311434,0.7072698438519059,-0.0813186287830695,-1.9303865559350608,0.5997068110014108,0.5104929944558637,0.4885575318933363,0.8148328767024011
beat_v2_coverage_raw,beat_v2_coverage_raw,8,0.853014075140963,0.0644256025059875,0.6175390216841132,-0.17104945095086221,-2.654991871204704,0.42478369907538827,0.4116417144717791,0.4153700065637616,0.8102943442928383
beat_v2_coverage_raw,beat_v2_coverage_raw,16,0.8644087569049416,0.07582028426996612,0.6262478018431837,-0.1623406707917917,-2.1411245335583367,0.468469756543151,0.4669614518691766,0.47116235180649424,0.7840258471432164
beat_v5_coverage_raw,beat_v5_coverage_raw,1,0.693344629491477,0.0,0.693344629491477,0.0,,0.7665260366441659,0.5760383503571691,0.5543008425758731,0.8106509086257849
beat_v5_coverage_raw,beat_v5_coverage_raw,2,0.6993839629751102,0.006039333483633169,0.6957884514637276,0.0024438219722505705,0.4046509401862679,0.654409298056839,0.5505381846342959,0.5297290128541836,0.8410387182931593
beat_v5_coverage_raw,beat_v5_coverage_raw,4,0.7017793875752756,0.008434758083798566,0.687529837958229,-0.005814791533248043,-0.6893845058125686,0.6182071122644892,0.547190187631567,0.4889701042352663,0.8278694882848909
beat_v5_coverage_raw,beat_v5_coverage_raw,8,0.7121123876048736,0.018767758113396593,0.6843422505057932,-0.00900237898568379,-0.4796725816312504,0.5348561555769848,0.5589966695387258,0.45933534449747915,0.8096878314728606
beat_v5_coverage_raw,beat_v5_coverage_raw,16,0.7449765534260533,0.051631923934576274,0.6906341340914904,-0.002710495399986579,-0.05249650203662942,0.36422026083648906,0.5323807421091181,0.3966737490924071,0.8488875260738629
beat_v5_detector_ensemble_coverage_raw,beat_v5_detector_ensemble_coverage_raw,1,0.6897217115279277,0.0,0.6897217115279277,0.0,,0.7665260366441659,0.5760383503571691,0.5543008425758731,0.8106509086257849
beat_v5_detector_ensemble_coverage_raw,beat_v5_detector_ensemble_coverage_raw,2,0.6957728134591787,0.006051101931251024,0.6923202561670423,0.002598544639114575,0.4294332947350209,0.654409298056839,0.5505381846342959,0.5297290128541836,0.8410387182931593
beat_v5_detector_ensemble_coverage_raw,beat_v5_detector_ensemble_coverage_raw,4,0.6957728134591787,0.006051101931251024,0.6923202561670423,0.002598544639114575,0.4294332947350209,0.654409298056839,0.5505381846342959,0.5297290128541836,0.8410387182931593
beat_v5_detector_ensemble_coverage_raw,beat_v5_detector_ensemble_coverage_raw,8,0.704292812877326,0.014571101349398319,0.6815017037114437,-0.00822000781648402,-0.5641308518400668,0.5585633393701342,0.5247797233954083,0.5039980097610481,0.8451509219055993
beat_v5_detector_ensemble_coverage_raw,beat_v5_detector_ensemble_coverage_raw,16,0.7301601710454487,0.04043845951752101,0.6829713064630354,-0.006750405064892329,-0.16693032191217722,0.385471815311118,0.5015505923986667,0.44648842359614416,0.8827460767949115
beat_v2_coverage_frozen_std,beat_v2_coverage_frozen_std,1,0.49458526924740664,0.0,0.49458526924740664,0.0,,0.7665260366441659,0.5760383503571691,0.5543008425758731,0.8106509086257849
beat_v2_coverage_frozen_std,beat_v2_coverage_frozen_std,2,0.6585957622879384,0.16401049304053172,0.5488682663505049,0.05428299710309825,0.3309727084942264,0.7579807266282675,0.5682412784824434,0.5461438496058799,0.8237841385065423
beat_v2_coverage_frozen_std,beat_v2_coverage_frozen_std,4,0.6679668137416797,0.173381544494273,0.36969826441329995,-0.1248870048341067,-0.7203016053316554,0.6476866089812088,0.547988889590321,0.5270738514084854,0.8255706235408076
beat_v2_coverage_frozen_std,beat_v2_coverage_frozen_std,8,0.7155214715231282,0.22093620227572153,0.11157150325454294,-0.3830137659928637,-1.7335944134446304,0.4993979710136717,0.4676603823315889,0.4460867008813926,0.8246867467933857
beat_v2_coverage_frozen_std,beat_v2_coverage_frozen_std,16,0.8409353076862505,0.3463500384388438,0.20716022745805884,-0.2874250417893478,-0.8298686585539369,0.47775309334365024,0.4587561573939192,0.46128803076215585,0.8499634018813493
beat_v5_coverage_frozen_std,beat_v5_coverage_frozen_std,1,0.5395222153144937,0.0,0.5395222153144937,0.0,,0.7665260366441659,0.5760383503571691,0.5543008425758731,0.8106509086257849
beat_v5_coverage_frozen_std,beat_v5_coverage_frozen_std,2,0.6018824878749724,0.06236027256047871,0.5637695636435582,0.0242473483290645,0.38882684974714876,0.654409298056839,0.5505381846342959,0.5297290128541836,0.8410387182931593
beat_v5_coverage_frozen_std,beat_v5_coverage_frozen_std,4,0.627992640106326,0.08847042479183231,0.47694542382931815,-0.06257679148517559,-0.7073187636706447,0.6182071122644892,0.547190187631567,0.4889701042352663,0.8278694882848909
beat_v5_coverage_frozen_std,beat_v5_coverage_frozen_std,8,0.7385156038767027,0.19899338856220894,0.44414827177316807,-0.09537394354132567,-0.4792819712777043,0.5348561555769848,0.5589966695387258,0.45933534449747915,0.8096878314728606
beat_v5_coverage_frozen_std,beat_v5_coverage_frozen_std,16,1.0847422009424252,0.5452199856279315,0.5087049656024328,-0.0308172497120609,-0.056522597344938814,0.36422026083648906,0.5323807421091181,0.3966737490924071,0.8488875260738629
beat_v5_detector_ensemble_coverage_frozen_std,beat_v5_detector_ensemble_coverage_frozen_std,1,0.50440429065493,0.0,0.50440429065493,0.0,,0.7665260366441659,0.5760383503571691,0.5543008425758731,0.8106509086257849
beat_v5_detector_ensemble_coverage_frozen_std,beat_v5_detector_ensemble_coverage_frozen_std,2,0.566749667748773,0.062345377093843024,0.5300993455542169,0.025695054899286918,0.4121405001787126,0.654409298056839,0.5505381846342959,0.5297290128541836,0.8410387182931593
beat_v5_detector_ensemble_coverage_frozen_std,beat_v5_detector_ensemble_coverage_frozen_std,4,0.566749667748773,0.062345377093843024,0.5300993455542169,0.025695054899286918,0.4121405001787126,0.654409298056839,0.5505381846342959,0.5297290128541836,0.8410387182931593
beat_v5_detector_ensemble_coverage_frozen_std,beat_v5_detector_ensemble_coverage_frozen_std,8,0.6569372774783828,0.15253298682345284,0.4150002367800762,-0.08940405387485378,-0.5861293070877399,0.5585633393701342,0.5247797233954083,0.5039980097610481,0.8451509219055993
beat_v5_detector_ensemble_coverage_frozen_std,beat_v5_detector_ensemble_coverage_frozen_std,16,0.9291922362348419,0.42478794557991195,0.42826294104841744,-0.07614134960651253,-0.17924555157177516,0.385471815311118,0.5015505923986667,0.44648842359614416,0.8827460767949115
beat_v2_coverage_floor_q25,beat_v2_coverage_floor_q25,1,0.6413545020663471,0.0,0.6413545020663471,0.0,,0.7665260366441659,0.5760383503571691,0.5543008425758731,0.8106509086257849
beat_v2_coverage_floor_q25,beat_v2_coverage_floor_q25,2,0.7700865824841234,0.12873208041777628,0.6498726185201594,0.008518116453812286,0.06616933732577229,0.6498726185201594,0.5311975370177182,0.5106140934046896,0.8307433072229431
beat_v2_coverage_floor_q25,beat_v2_coverage_floor_q25,4,0.8021507587293342,0.16079625666298702,0.6109749546224956,-0.030379547443851518,-0.18893193208797163,0.6109749546224956,0.5029699131515367,0.47902574280793025,0.8223808777149524
beat_v2_coverage_floor_q25,beat_v2_coverage_floor_q25,8,0.8639006193693693,0.2225461173030222,0.552986103008027,-0.08836839905832017,-0.39707904199468197,0.552986103008027,0.4708895694392238,0.47298394938337396,0.7977931950923741
beat_v2_coverage_floor_q25,beat_v2_coverage_floor_q25,16,0.8907403371113048,0.2493858350449577,0.5410470004439243,-0.10030750162242286,-0.402218119583015,0.5410470004439243,0.4587132800491146,0.46110988243496187,0.7980051648130144
beat_v5_coverage_floor_q25,beat_v5_coverage_floor_q25,1,0.5020376009589627,0.0,0.5020376009589627,0.0,,0.7665260366441659,0.5760383503571691,0.5543008425758731,0.8106509086257849
beat_v5_coverage_floor_q25,beat_v5_coverage_floor_q25,2,0.5565570524307114,0.05451945147174875,0.5389946088924439,0.03695700793348122,0.6778683008693118,0.6584179285360577,0.5389946088924439,0.5187710863746827,0.8176100773421858
beat_v5_coverage_floor_q25,beat_v5_coverage_floor_q25,4,0.5748794146276159,0.07284181366865328,0.5449148831579906,0.04287728219902798,0.588635565748959,0.6312978768258422,0.5449148831579906,0.48494014667415525,0.806816164664333
beat_v5_coverage_floor_q25,beat_v5_coverage_floor_q25,8,0.5798808746281885,0.07784327366922583,0.5347901912467384,0.032752590287775774,0.42075042253424677,0.619655719963097,0.5347901912467384,0.4749124903316033,0.8092918800942233
beat_v5_coverage_floor_q25,beat_v5_coverage_floor_q25,16,0.6279614854570508,0.1259238844980881,0.5069862124348958,0.004948611475933173,0.039298434094989405,0.35520322844017205,0.5069862124348958,0.41177023869376006,0.8454080266047479
beat_v5_detector_ensemble_coverage_floor_q25,beat_v5_detector_ensemble_coverage_floor_q25,1,0.4948768669785435,0.0,0.4948768669785435,0.0,,0.7665260366441659,0.5760383503571691,0.5543008425758731,0.8106509086257849
beat_v5_detector_ensemble_coverage_floor_q25,beat_v5_detector_ensemble_coverage_floor_q25,2,0.5490728833734558,0.05419601639491234,0.5322534347198569,0.03737656774131337,0.689655259326811,0.6584179285360577,0.5389946088924439,0.5187710863746827,0.8176100773421858
beat_v5_detector_ensemble_coverage_floor_q25,beat_v5_detector_ensemble_coverage_floor_q25,4,0.5529668327166373,0.058089965738093774,0.5249233043300456,0.030046437351502142,0.5172397154952793,0.6312978768258422,0.5449148831579906,0.48494014667415525,0.806816164664333
beat_v5_detector_ensemble_coverage_floor_q25,beat_v5_detector_ensemble_coverage_floor_q25,8,0.5574909948180523,0.06261412783950882,0.5148309576083601,0.019954090629816568,0.3186835194919981,0.619655719963097,0.5347901912467384,0.4749124903316033,0.8092918800942233
beat_v5_detector_ensemble_coverage_floor_q25,beat_v5_detector_ensemble_coverage_floor_q25,16,0.5944535236645814,0.09957665668603788,0.45945749363242,-0.035419373346123495,-0.3556995637822997,0.3451091179362255,0.47977031451323143,0.4188318518707971,0.844873505052932
beat_v5_detector_ensemble_confidence_product,beat_v5_detector_ensemble_confidence_product,1,0.48815999975773505,0.0,0.48815999975773505,0.0,,0.7665260366441659,0.5760383503571691,0.5543008425758731,0.8106509086257849
beat_v5_detector_ensemble_confidence_product,beat_v5_detector_ensemble_confidence_product,2,0.5144413743902945,0.026281374632559418,0.5016301456806225,0.013470145922887422,0.5125358209459696,0.6523190045248868,0.521253015098123,0.5231082391245874,0.7445157295865836
beat_v5_detector_ensemble_confidence_product,beat_v5_detector_ensemble_confidence_product,4,0.5352562283123097,0.047096228554574626,0.508006666358259,0.01984666660052392,0.4214067072807286,0.6650031289111389,0.5286675626285008,0.5295872140716148,0.7660658555808322
beat_v5_detector_ensemble_confidence_product,beat_v5_detector_ensemble_confidence_product,8,0.5428836580947356,0.05472365833700055,0.4815726480109126,-0.006587351746822456,-0.12037484238089619,0.6427226741760534,0.5005301817946798,0.5023598979380262,0.7778262530916473
beat_v5_detector_ensemble_confidence_product,beat_v5_detector_ensemble_confidence_product,16,0.5697984520314724,0.08163845227373734,0.40421578937812724,-0.08394421037960781,-1.028243530366538,0.3186821484468437,0.4227263943547135,0.42239518284613914,0.7682134135663039
beat_v5_detector_ensemble_confidence_floor_q25,beat_v5_detector_ensemble_confidence_floor_q25,1,0.06349690232367329,0.0,0.06349690232367329,0.0,,0.7665260366441659,0.5760383503571691,0.5543008425758731,0.8106509086257849
beat_v5_detector_ensemble_confidence_floor_q25,beat_v5_detector_ensemble_confidence_floor_q25,2,0.22986136451583083,0.16636446219215756,0.29571605473938695,0.23221915241571367,1.3958458997540673,0.54020226593756,0.4957528493752498,0.498536409402898,0.774903539253958
beat_v5_detector_ensemble_confidence_floor_q25,beat_v5_detector_ensemble_confidence_floor_q25,4,0.39043571801572513,0.32693881569205185,0.3404263481237527,0.27692944580007944,0.8470375266206478,0.46022333442546204,0.445996922678772,0.4493178287439299,0.8186341533306118
beat_v5_detector_ensemble_confidence_floor_q25,beat_v5_detector_ensemble_confidence_floor_q25,8,0.49050352258047025,0.427006620256797,0.2766260537226232,0.21312915139894995,0.49912376363339866,0.46845195975054654,0.47508760691251506,0.48007360409523797,0.8009729903707219
beat_v5_detector_ensemble_confidence_floor_q25,beat_v5_detector_ensemble_confidence_floor_q25,16,0.5639423650694939,0.5004454627458206,0.32186889705843946,0.2583719947347662,0.5162840188761886,0.39894761026974257,0.4684831291334982,0.46688973944242146,0.7840571083210288
beat_v5_detector_ensemble_dual_floor_q25,beat_v5_detector_ensemble_dual_floor_q25,1,-0.010418745127853679,0.0,-0.010418745127853679,0.0,,0.7665260366441659,0.5760383503571691,0.5543008425758731,0.8106509086257849
beat_v5_detector_ensemble_dual_floor_q25,beat_v5_detector_ensemble_dual_floor_q25,2,0.1523428671077744,0.16276161223562807,0.152267111244386,0.16268585637223967,0.9995345593942708,0.54020226593756,0.4957528493752498,0.498536409402898,0.774903539253958
beat_v5_detector_ensemble_dual_floor_q25,beat_v5_detector_ensemble_dual_floor_q25,4,0.37136410030025213,0.3817828454281058,0.26400955173257235,0.274428296860426,0.7188073014456698,0.361197360399488,0.41822145248232245,0.4207160414611294,0.8279686393774284
beat_v5_detector_ensemble_dual_floor_q25,beat_v5_detector_ensemble_dual_floor_q25,8,0.4714319048649972,0.4818506499928509,0.20020925733144285,0.21062800245929653,0.4371230016238882,0.3694259857245725,0.4473121367160655,0.45147181681243753,0.8103074764175384
beat_v5_detector_ensemble_dual_floor_q25,beat_v5_detector_ensemble_dual_floor_q25,16,0.5448707473540209,0.5552894924818745,0.2454521006672591,0.25587084579511277,0.46078820013592237,0.29992163624376855,0.4407076589370487,0.438287952159621,0.7933915943678452
